endemic,"{'local', 'regional'}"
venerate,"{'honor', 'respect', 'treasure', 'put on a pedestal', 'hallow', 'apotheosize', 'think highly of', 'idolize', 'cherish', 'be in awe of', 'appreciate', 'regard', 'admire', 'look up to', 'worship', 'reverence', 'esteem', 'love', 'hold in awe', 'adore', 'exalt', 'deify', 'value'}"
caustic,"{'corroding', 'mordant', 'abrasive', 'erosive', 'acid', 'keen', 'acrid', 'acerbic', 'pungent', 'tart', 'astringent', 'biting', 'alkaline'}"
viscous,"{'mucilaginous', 'tough', 'clammy', 'slimy', 'thick', 'syrupy', 'gluey', 'gelatinous', 'gooey', 'tenacious', 'glutinous', 'stiff', 'ropy', 'viscid', 'adhesive'}"
misanthrope,"{'cynic', 'loner', 'hater', 'isolate', 'doubter', 'recluse', 'misanthropist', 'egoist', 'egotist', 'skeptic'}"
antediluvian,"{'timeworn', 'hoary', 'venerable', 'age-old', 'obsolete', 'archaic', 'old', 'antique', 'primitive', 'primordial', 'antiquated', 'ancient', 'old-fashioned', 'passé', 'primeval'}"
dogmatic,"{'stubborn', 'bigoted', 'intolerant', 'obdurate', 'one-sided', 'overbearing', 'pigheaded', 'bullheaded', 'arbitrary', 'fanatical', 'categorical', 'prejudiced', 'downright', 'egotistical', 'definite', 'confident', 'fascistic', 'imperious', 'stiff-necked', 'despotic', 'formal', 'magisterial', 'doctrinaire', 'dictative', 'unequivocal', 'domineering', 'cocksure', 'arrogant', 'wrong-headed', 'peremptory', 'emphatic', 'tyrannical', 'obstinate', 'assertive', 'tenacious', 'narrow-minded', 'high and mighty', 'determined'}"
chicanery,"{'maneuver', 'feint', 'dodge', 'underhandedness', 'sharp practice', 'skullduggery', 'furtiveness', 'surreptitiousness', 'fourberie', 'fraud', 'gambit', 'ploy', 'plot', 'artifice', 'hanky-panky', 'deviousness', 'machination', 'ruse', 'cheating', 'sophistry', 'duplicity', 'wiles', 'stratagem', 'subterfuge', 'chicane', 'intrigue', 'double-crossing', 'dishonesty', 'double-dealing'}"
erudite,"{'scholarly', 'lettered', 'scholastic', 'learned', 'well-read', 'highbrow', 'in the know', 'literate', 'studious', 'wise up', 'educated', 'knowledgeable', 'into', 'brainy', 'savvy', 'cultivated'}"
enigma,"{'mind-boggler', 'riddle', 'grabber', 'conundrum', 'sticker', 'why', 'question mark', 'teaser', 'crux', 'cliffhanger', 'Gordian knot', 'twister', 'puzzlement', 'puzzle', 'cryptogram', 'problem', 'tough nut to crack', 'secret', 'puzzler', 'bewilderment', 'question', 'sphinx', 'knot', 'sixty-four dollar question', 'stumper', 'parable', 'mind-twister', 'perplexity', 'stickler', 'mystification'}"
deprecation,"{'disparagement', 'ridicule', 'scorn', 'denigration', 'derogation', 'put-down', 'detraction', 'aspersion'}"
desiccate,"{'dry', 'evaporate', 'sear', 'divest', 'parch', 'exsiccate', 'shrivel', 'dehydrate', 'wizen', 'drain', 'dry up', 'deplete', 'wither', 'anhydrate', 'devitalize'}"
sanguine,"{'enthusiastic', 'cheerful', 'undoubtful', 'secure', 'hopeful', 'confident', 'buoyant', 'animated', 'assured', 'expectant', 'self-assured', 'upbeat', 'self-confident', 'spirited', 'positive', 'lively'}"
indelible,"{'permanent', 'rememberable', 'inerasable', 'inextirpable', 'enduring', 'ineradicable', 'lasting', 'ingrained', 'stirring', 'ineffaceable', 'inexpungible', 'unforgettable', 'memorable'}"
garrulous,"{'long-winded', 'chatty', 'motormouth', 'loose-tongued', 'wind-bag', 'prating', 'prosy', 'prattling', 'verbose', 'chattering', 'babbling', 'mouthy', 'glib', 'loquacious', 'yakkity', 'wordy', 'loose-lipped', 'blabbermouth', 'voluble', 'gossiping', 'running on at the mouth', 'gabby', 'windy', 'flap jaw', 'yakky', 'prolix', 'effusive', 'gushing'}"
placate,"{'win over', 'tranquilize', 'stroke', 'humor', 'conciliate', 'pacify', 'soft-pedal', 'play up to', 'mollify', 'assuage', 'calm', 'reconcile', 'cheer', 'soothe', 'make up', 'sweeten', 'comfort', 'propitiate', 'make peace', 'appease', 'pour oil on', 'satisfy'}"
banal,"{'zero', 'blah', 'tired', 'unoriginal', 'stale', 'nothing', 'ordinary', 'unimaginative', 'pedestrian', 'watery', 'platitudinous', 'nowhere', 'ho hum', 'hackneyed', 'flat', 'bland', 'insipid', 'stupid', 'conventional', 'cornball', 'stock', 'square', 'humdrum', 'clichéd', 'trite', 'corny', 'hokey', 'tripe', 'bromidic', 'everyday', 'vapid', 'wishy-washy', 'mundane', 'stereotyped', 'dull as dishwater', 'cornfed', 'pabulum', 'noplace', 'common', 'old hat', 'dumb'}"
tyro,"{'abecedarian', 'novice', 'colt', 'student', 'new kid on the block', 'pupil', 'rookie', 'neophyte', 'recruit', 'tenderfoot', 'novitiate', 'amateur', 'buckwheater', 'greenhorn', 'newcomer', 'apprentice', 'starter', 'cadet', 'trainee', 'learner'}"
burgeon,"{'sprout', 'bud', 'prosper', 'grow', 'mushroom', 'snowball', 'blossom', 'thrive', 'increase', 'expand', 'flower'}"
pedantic,"{'pedagogic', 'dull', 'punctilious', 'donnish', 'scholastic', 'overnice', 'pompous', 'didactic', 'stilted', 'fussy', 'egotistic', 'erudite', 'abstruse', 'dry', 'formal', 'learned', 'sententious', 'doctrinaire', 'academic', 'schoolish', 'particular', 'arid', 'priggish', 'ostentatious', 'nit-picking', 'hairsplitting'}"
guileless,"{'undesigning', 'artless', 'aboveboard', 'open', 'simple-minded', 'innocent', 'unsophisticated', 'straightforward', 'simple', 'unstudied', 'sincere', 'unaffected', 'ingenuous', 'naive', 'genuine', 'frank', 'candid', 'truthful', 'natural'}"
disparaging,"{'depreciatory', 'pejorative', 'unfavorable', 'defamatory', 'snide', 'detractory', 'epithetical', 'derogatory', 'minimizing'}"
gossamer,"{'light', 'fibrous', 'transparent', 'translucent', 'airy', 'tiffany', 'sheer', 'fine', 'cobweb', 'silky', 'flimsy', 'diaphanous', 'delicate'}"
amalgamate,"{'meld', 'admix', 'combine', 'interface', 'unite', 'ally', 'alloy', 'coalesce', 'hook up with', 'team up', 'tie in', 'join together', 'tie up', 'intermix', 'consolidate', 'mingle', 'merge', 'integrate', 'incorporate', 'network', 'fuse', 'come together', 'pool', 'compound'}"
descry,"{'observe', 'discern', 'reveal', 'spot', 'determine', 'espy', 'perceive', 'note', 'sight', 'detect', 'behold', 'see', 'disclose'}"
bombast,"{'rhapsody', 'grandiosity', 'rodomontade', 'stuffed', 'braggadocio', 'rave', 'exaggeration', 'gasconade', 'stuff', 'magniloquence', 'tympany', 'altiloquence', 'fustian', 'turgidity', 'rage', 'cotton', 'rhetoric', 'rant', 'tumidity', 'padded', 'bombastry', 'grandiloquence', 'bluster', 'balderdash', 'pomposity', 'pad'}"
emollient,"{'relieving', 'softening', 'palliative', 'balsamic', 'remedial', 'lenitive', 'demulcent', 'healing'}"
magnanimity,"{'chivalry', 'philanthropy'}"
tractable,"{'acquiescent', 'flexible', 'rolling with punches', 'ductile', 'compliant', 'tractile', 'controllable', 'tame', 'amenable', 'hanging loose', 'persuadable', 'meek', 'submissive', 'game', 'obedient', 'pliant', 'plastic', 'going along with', 'malleable', 'workable', 'facile', 'putty in hands', 'subdued', 'pliable', 'docile', 'complaisant', 'biddable', 'yielding', 'governable', 'willing'}"
misogynist,"{'sexist', 'anti-feminist', 'misanthrope', 'male chauvinist'}"
corporal,"{'phenomenal', 'human', 'corporeal', 'fleshy', 'carnal', 'material', 'gross', 'substantial', 'somatic', 'tangible', 'objective', 'anatomical', 'fleshly', 'sensible'}"
fawn,"{'yearling', 'baby doe', 'baby buck'}"
obviate,"{'prevent', 'hinder', 'intervene', 'remove', 'restrain', 'ward', 'interpose', 'rule out', 'counter', 'deter', 'stave off', 'block', 'avert', 'counteract', 'forfend', 'anticipate', 'forestall', 'do away with', 'preclude', 'interfere'}"
corroborate,"{'double check', 'strengthen', 'document', 'declare true', 'substantiate', 'approve', 'establish', 'check up', 'support', 'endorse', 'give nod', 'certify', 'bear out', 'check on', 'ratify', 'authenticate', 'justify', 'validate', 'prove', 'confirm', 'okay', 'sustain', 'check out', 'verify', 'rubber-stamp'}"
aggrandize,"{'extend', 'jump', 'augment', 'intensify', 'enlarge', 'honor', 'commend', 'hike', 'jack up', 'distinguish', 'dignify', 'heighten', 'magnify', 'parlay', 'hype', 'acclaim', 'ennoble', 'increase', 'glorify', 'applaud', 'praise', 'multiply', 'boost', 'expand', 'beef up', 'hike up'}"
propitiate,"{'atone', 'appease', 'mollify', 'satisfy', 'assuage', 'placate', 'pacify'}"
feign,"{'counterfeit', 'fabricate', 'play possum', 'put up a front', 'affect', 'do a bit', 'devise', 'bluff', 'dissemble', 'imagine', 'phony up', 'put on', 'fake', 'sham', 'invent', 'make show of', 'simulate', 'put on act', 'imitate', 'four-flush', 'forge', 'act', 'assume', 'stonewall', 'give appearance of', 'dissimulate', 'play'}"
aver,"{'assert', 'contend', 'predicate', 'swear', 'proclaim', 'declare', 'claim', 'justify', 'affirm', 'insist', 'avouch', 'emphasize', 'state', 'verify', 'prove'}"
antipathy,"{'enmity', 'escape', 'ill will', 'animosity', 'hostility', 'distaste', 'incompatibility', 'avoidance', 'dyspathy', 'bad blood', 'allergy', 'repulsion', 'contrariety', 'aversion', 'hate', 'animus', 'loathing', 'hatred', 'opposition', 'abhorrence', 'eschewal', 'repellency', 'rancor', 'repugnance', 'antagonism', 'evasion'}"
rescind,"{'invalidate', 'backpedal', 'backwater', 'void', 'recall', 'nix', 'pull the plug', 'call off', 'weasel out', 'forget', 'crawl out of', 'remove', 'abrogate', 'wangle out', 'abolish', 'set aside', 'reverse', 'cancel', 'retract', 'repeal', 'lift', 'dismantle', 'revoke', 'annul', 'overturn', 'countermand', 'back out of', 'X-out', 'renege', 'scrub', 'quash'}"
craven,"{'wimpy', 'wimpish', 'gutless', 'cowardly', 'yellow', 'wussy', 'timorous', 'chicken', 'mean-spirited', 'scared', 'pusillanimous', 'fearful', 'poltroonish', 'lily-livered', 'dastardly', 'yellow-bellied', 'weak-kneed'}"
wretched,"{'despicable', 'cheap', 'weak', 'faulty', 'gloomy', 'hapless', 'vile', 'flimsy', 'disconsolate', 'unfortunate', 'pathetic', 'distressed', 'sorrowful', 'calamitous', 'bummed', 'worthless', 'deplorable', 'dolorous', 'inferior', 'low-down', 'downcast', 'melancholy', 'shabby', 'pitiable', 'contemptible', 'hopeless', 'down', 'pitiful', 'tragic', 'woeful', 'afflicted', 'woebegone', 'hurting', 'sordid', 'abject', 'paltry', 'down-and-out', 'spiritless', 'in the pits', 'unhappy', 'mean', 'base', 'low', 'forlorn', 'depressed', 'miserable', 'dejected', 'poor', 'shameful', 'sorry'}"
floundering,"{'grope', ""miss one's cue"", 'muddle', 'go at backwards', 'trip up', 'tumble', 'drop the ball', 'flop', 'labor', 'fall down', 'screw up', 'toss', 'stumble', 'plunge', ""stub one's toe"", 'flummox', 'come apart at the seams', 'cast about', 'snafu', 'thrash', 'toil', 'lurch', 'foul up', 'go to pieces', 'blunder', 'strive', 'make a mess of', 'fumble', 'slip up', 'wallow', 'work at', 'bobble', 'pratfall', 'travail'}"
florid,"{'sonorous', 'aureate', 'ornate', 'high-flown', 'decorative', 'figurative', 'luscious', 'garnished', 'fussy', 'embellished', 'flamboyant', 'magniloquent', 'rhetorical', 'euphuistic', 'rich', 'ornamented', 'pretentious', 'flowery', 'overblown', 'ornamental', 'grandiloquent', 'busy', 'baroque'}"
precipice,"{'height', 'steep', 'sheer drop', 'crag', 'cliff', 'bluff'}"
explicit,"{'clear-cut', 'accurate', 'precise', 'obvious', 'definitive', 'perspicuous', 'absolute', 'sure', 'unqualified', 'categorical', 'on the nose', 'outspoken', 'certain', 'correct', 'distinct', 'definite', 'positive', 'plain', 'exact', 'frank', 'unreserved', 'stated', 'clean-cut', 'patent', 'unequivocal', 'open', 'straightforward', 'express', 'understandable', 'clear', 'direct', 'lucid'}"
occlude,"{'hinder', 'leave out', 'seal', 'stop up', 'curb', 'lock out', 'fill', 'close out', 'choke', 'congest', 'plug', 'impede', 'throttle', 'close', 'stopper', 'shut', 'clog', 'obstruct'}"
superficial,"{'partial', 'warped', 'shallow', 'passing', 'desultory', 'trivial', 'one-dimensional', 'ostensible', 'flimsy', 'surface', 'on the surface', 'tip of the iceberg', 'cursory', 'glib', 'quick-fix', 'external', 'ignorant', 'seeming', 'half-baked', 'slapdash', 'hasty', 'summary', 'hurried', 'apparent', 'peripheral', 'uncritical', 'exterior', 'silly', 'skin-deep', 'general', 'perfunctory', 'outward', 'slight', 'empty', 'lightweight', 'flash', 'nodding', 'depthless', 'sketchy', 'frivolous', 'evident', 'casual', 'smattery', 'cosmetic', 'shoal', 'inattentive'}"
laudable,"{'worthy', 'praiseworthy', 'creditable', 'meritorious', 'terrific', 'excellent', 'thankworthy', 'estimable', 'of note', 'meritable', 'praisable', 'commendable', 'stellar', 'deserving', 'mean'}"
aberrant,"{'out of line', 'psycho', 'odd', 'off-color', 'abnormal', 'flaky', 'peculiar', 'off-base', 'different', 'strange', 'bizarre', 'unusual', 'nonstandard', 'atypical', 'mental', 'deviant', 'weird'}"
opaque,"{'murky', 'nontransparent', 'nubilous', 'gloomy', 'turbid', 'dull', 'darkened', 'dim', 'dirty', 'frosty', 'dark', 'obfuscated', 'hazy', 'shady', 'smoky', 'thick', 'muddied', 'filmy', 'lusterless', 'cloudy', 'blurred', 'misty', 'foggy', 'dusky', 'sooty', 'fuliginous', 'impenetrable', 'nontranslucent'}"
headlong,"{'rough', 'brash', 'sudden', 'abrupt', 'impetuous', 'rushing', 'precipitate', 'rash', 'precipitant', 'thoughtless', 'inconsiderate', 'hasty', 'daredevil', 'daring', 'impulsive', 'breakneck', 'foolhardy', 'hurried', 'tempestuous'}"
mitigate,"{'extenuate', 'tranquilize', 'dull', 'modify', 'palliate', 'temper', 'subdue', 'cool', 'pacify', 'ease', 'moderate', 'tone down', 'mollify', 'meet halfway', 'assuage', 'reduce', 'placate', 'calm', 'take the edge off', 'abate', 'relieve', 'soothe', 'quiet', 'soften', 'remit', 'come together', 'allay', 'alleviate', 'appease', 'lessen', 'blunt', 'weaken'}"
lucid,"{'clear-cut', 'knowable', 'pellucid', 'apprehensible', 'graspable', 'fathomable', 'unblurred', 'distinct', 'plain', 'comprehensible', 'comprehendible', 'limpid', 'intelligible', 'translucent', 'unambiguous', 'crystal clear', 'understandable', 'clear', 'explicit', 'transparent', 'luminous', 'transpicuous'}"
intransigent,"{'stubborn', 'adamant', 'obstinate', 'tenacious', 'resolute', 'inflexible'}"
eulogy,"{'glorification', 'laudation', 'tribute', 'commendation', 'salutation', 'accolade', 'compliment', 'adulation', 'citation', 'acclaim', 'applause', 'panegyric', 'plaudit', 'exaltation', 'encomium', 'paean'}"
dissemble,"{'counterfeit', 'hide', 'play possum', 'put up a front', 'affect', 'mask', 'put up a smoke screen', 'doublespeak', 'double-talk', 'fake', 'sham', 'pass', 'cloak', 'put on a false front', 'simulate', 'camouflage', 'conceal', 'cover up', 'whitewash', 'four-flush', 'dress up', 'shroud', 'let on', 'feign', 'make like', 'falsify', 'stonewall', 'put on a front', 'signify', 'put on an act', 'pussyfoot', 'cover', 'dissimulate', 'shuck and jive'}"
guile,"{'sharp practice', 'jive', 'foul play', 'deception', 'trickery', 'dissemblance', 'dissimulation', 'treachery', 'craft', 'run-around', 'dirty pool', 'artifice', 'double-cross', 'ruse', 'dirty dealing', 'craftiness', 'duplicity', 'artfulness', 'dirty trick', 'sellout', 'cunning', 'deceit', 'dirty work', 'wiliness', 'stab in the back', 'chicanery', 'dishonesty', 'trickiness'}"
hapless,"{'sad sack', 'voodooed', 'unlucky', 'luckless', 'star-crossed', 'ill-fated', 'jinxed', 'poor fish', 'infelicitous', 'behind the eightball', 'woeful', 'ill-starred', 'loser', 'unhappy', 'hexed', 'snakebit', 'cursed', 'miserable', 'jonah', 'wretched', 'untoward'}"
plethora,"{'overmuch', 'overflow', 'flood', 'much', 'overabundance', 'superfluity', 'glut', 'overkill', 'deluge', 'plenty', 'surplus', 'surfeit', 'many', 'superabundance', 'profusion'}"
philanthropy,"{'alms', 'dole', 'good works', 'assistance', 'altruism', 'alms-giving', 'generosity', 'contribution', 'endowment', 'beneficence', 'charity', 'gifting', 'relief', 'fund', 'benefaction', 'helping hand', 'donation'}"
verbose,"{'repetitive', 'talkative', 'talky', 'loquacious', 'tortuous', 'palaverous', 'repetitious', 'fustian', 'tedious', 'magniloquent', 'rhetorical', 'periphrastic', 'diffuse', 'tautologous', 'flowery', 'yacking', 'pleonastic', 'gabby', 'windy', 'grandiloquent', 'prolix', 'full of air', 'bombastic', 'repeating', 'involved', 'circumlocutory', 'tautological', 'redundant', 'garrulous'}"
caprice,"{'vein', 'gag', 'freak', 'humor', 'temper', 'notion', 'fancy', 'changeableness', 'mood', 'inconsistency', 'impulse', 'put on', 'bee', 'rib', 'contrariety', 'whimsy', 'caper', 'jerk', 'whim', 'fitfulness', 'perversity', 'vagary', 'peculiarity', 'fickleness', 'kink', 'fad', 'thought', 'fool notion', 'inconstancy', 'crotchet', 'quirk'}"
ineffable,"{'transcendental', 'sacred', 'heavenly', 'too sacred for words', 'inexpressible', 'indescribable', 'beyond words', 'empyreal', 'empyrean', 'unutterable', 'unspeakable', 'indefinable', 'incredible', 'holy', 'ethereal', 'transcendent', 'spiritual', 'untellable', 'celestial', 'incommunicable', 'nameless', 'ideal', 'divine', 'impossible'}"
irascible,"{'cantankerous', 'grouchy', 'short-tempered', 'fractious', 'irritable', 'ogre', 'bristly', 'cross', 'surly', 'hasty', 'hot-tempered', 'querulous', 'ireful', 'bearish', 'snappish', 'quick-tempered', 'feisty', 'petulant', 'crabbed', 'cranky', 'passionate', 'peevish', 'uptight', 'thin-skinned', 'angry', 'choleric', 'huffy', 'touchy', 'testy'}"
waver,"{'blow hot and cold', 'undulate', 'falter', 'change', 'pussyfoot around', 'run hot and cold', 'hem and haw', 'quiver', 'oscillate', 'wave', 'halt', 'vacillate', 'stagger', 'totter', 'tremble', 'be unable to decide', 'seesaw', 'deliberate', 'pause', 'hedge', 'yo-yo', 'dilly-dally', 'be irresolute', 'wobble', 'sway', 'weave', 'teeter', 'fluctuate', 'dither', 'whiffle', 'flicker', 'vary', 'shake', 'reel', 'trim', 'palter', 'hesitate', 'waffle'}"
saturnine,"{'cheerless', 'despondent', 'down in the dumps', 'desolate', 'sorrowful', 'melancholy', 'moping', 'down', 'hopeless', 'sullen', 'grave', 'woebegone', 'woeful', 'in low spirits', 'dour', 'sulky', 'morose', 'unhappy', 'sad', 'blue', 'solemn', 'in the dumps', 'low', 'forlorn', 'depressed', 'miserable', 'dispirited', 'dejected', 'glum'}"
malevolent,"{'hostile', 'tough', 'catty', 'rancorous', 'wicked', 'murderous', 'dirty', 'hellish', 'evil-minded', 'malicious', 'vengeful', 'spiteful', 'vicious', 'rough', 'poison', 'despiteful', 'malign', 'baleful', 'pernicious', 'sinister', 'vindictive', 'murder', 'bad-natured', 'malignant', 'lousy', 'evil', 'waspish'}"
savant,"{'intellectual', 'wise person', 'philosopher', 'master', 'intellect', 'expert', 'academic', 'egghead', 'brain', 'sage', 'bookworm', 'learned person', 'learner', 'pundit'}"
phlegmatic,"{'blah', 'undemonstrative', 'passive', 'unresponsive', 'deadpan', 'dull', 'listless', 'desensitized', 'indifferent', 'frigid', 'emotionless', 'cool', 'flat', 'unexcitable', 'cold', 'uninvolved', 'disinterested', 'apathetic', 'sluggish', 'groggy', 'lifeless', 'lethargic', 'uncompassionate', 'unfeeling', 'dispassionate', 'along for the ride', 'passionless'}"
imperious,"{'compulsatory', 'autocratic', 'imperial', 'authoritative', 'tyrannous', 'required', 'obligatory', 'despotic', 'imperative', 'high-handed', 'oppressive', 'exacting', 'domineering', 'arrogant', 'commanding', 'peremptory', 'mandatory', 'overweening', 'dictatorial', 'tyrannical', 'compulsory', 'haughty'}"
turpitude,"{'debauchery', 'vice', 'licentiousness', 'debasement', 'corruption', 'improbity', 'criminality', 'vileness', 'sinfulness', 'perversion', 'lewdness', 'viciousness', 'baseness', 'degradation', 'evil', 'immorality', 'wickedness'}"
dogged,"{'unshakable', 'perseverant', 'stubborn', 'obdurate', 'hanging tough', 'pigheaded', 'bullheaded', 'mulish', 'firm', 'relentless', 'unyielding', 'persevering', 'steadfast', 'steady', 'inexorable', 'tough nut', 'insistent', 'indefatigable', 'rigid', 'unbending', 'resolute', 'hard-nosed', 'inflexible', 'staunch', 'hardheaded', 'single-minded', 'unflagging', 'adamant', 'pertinacious', 'obstinate', 'tenacious', 'perseverative'}"
noisome,"{'foul', 'repulsive', 'vile', 'injurious', 'dangerous', 'smelly', 'unhealthy', 'hurtful', 'mephitic', 'deleterious', 'mischievous', 'deadly', 'yucky', 'rank', 'stinking', 'fetid', 'putrid', 'nauseating', 'loathsome', 'pestiferous', 'pernicious', 'pestilential', 'insalutary', 'sickening', 'malodorous', 'disgusting', 'horrid', 'sickly', 'insalubrious', 'harmful', 'noxious', 'baneful', 'poisonous', 'unwholesome', 'reeking', 'unhealthful'}"
latent,"{'passive', 'unseen', 'rudimentary', 'intrinsic', 'between the lines', 'concealed', 'veiled', 'covert', 'potential', 'quiescent', 'implied', 'in abeyance', 'invisible', 'inert', 'inactive', 'unexposed', 'unripe', 'contained', 'abeyant', 'inherent', 'sleeping', 'secret', 'underdeveloped', 'inoperative', 'possible', 'lurking', 'suppressed', 'tacit', 'underlying', 'idle', 'vestigial', 'torpid', 'involved', 'suspended', 'inferential', 'immature', 'unexpressed', 'unrealized', 'inferred', 'smoldering', 'undeveloped'}"
culpable,"{'found wanting', 'impeachable', 'answerable', 'wrong', 'blameful', 'dirty', 'unholy', 'guilty', 'blameworthy', 'punishable', 'in the wrong', 'responsible', 'demeritorious', 'at fault', 'caught in the act', 'smoking gun', 'to blame', 'hung up', 'sinful', 'censurable', 'caught red-handed', 'indictable', 'reprehensible', 'amiss', 'caught', 'out of line', 'off base', 'liable', 'blamable'}"
catalyst,"{'reactionary', 'agitator', 'synergist', 'stimulant', 'motivation', 'spur', 'goad', 'spark plug', 'impetus', 'impulse', 'incentive', 'reactant', 'adjuvant', 'incendiary', 'incitation', 'enzyme', 'radical stimulus', 'incitement', 'wave maker'}"
deference,"{'docility', 'condescension', 'submission', 'complaisance', 'obeisance', 'capitulation', 'yielding', 'acquiescence'}"
ephemeral,"{'brief', 'unenduring', 'fugacious', 'fleeting', 'short', 'transitory', 'temporary', 'transient', 'episodic', 'flitting', 'volatile', 'impermanent', 'short-lived', 'fugitive', 'evanescent'}"
pusillanimous,"{'tame', 'gutless', 'cowardly', 'timorous', 'chicken', 'afraid', 'timid'}"
sate,"{'surfeit', 'stuff', 'glut', 'gorge', 'gratify', 'overfill', 'satiate', 'cloy'}"
disabuse,"{'rid', 'expose', 'liberate', 'disenchant', 'correct', 'disillusion', 'enlighten', 'debunk', 'rectify', 'free'}"
pragmatic,"{'efficient', 'hardheaded', 'logical', 'practical', 'unidealistic', 'hard', 'down-to-earth', 'matter-of-fact', 'realistic', 'sober', 'utilitarian', 'businesslike', 'hard-boiled', 'commonsensical'}"
plastic,"{'pliant', 'shapeable', 'moldable', 'formable', 'fictile', 'bending', 'pliable', 'workable', 'molded', 'ductile', 'resilient', 'elastic', 'supple'}"
ingenuous,"{'undisguised', 'innocent', 'candid', 'artless', 'outspoken', 'unartificial', 'unsophisticated', 'plain', 'up front', 'childlike', 'square', 'frank', 'unartful', 'green', 'unreserved', 'unaffected', 'naive', 'natural', 'like a babe in the woods', 'guileless', 'open', 'trusting', 'straightforward', 'simple', 'unstudied', 'sincere', 'unschooled'}"
improvidence,"{'neglect', 'waste', 'carelessness', 'wastefulness', 'shortsightedness'}"
quiescence,"{'inaction', 'inactivity', 'dormancy', 'rest', 'calm', 'quiet'}"
imply,"{'hint', 'presuppose', 'connote', 'intend', 'denote', 'mention', 'intimate', 'involve', 'evidence', 'import', 'give a hint', 'signify', 'point to', 'insinuate', 'entail', 'betoken', 'designate', 'suggest', 'refer', 'include'}"
vacuous,"{'airheaded', 'superficial', 'shallow', 'void', 'foolish', 'birdbrained', 'silly', 'lamebrained', 'blank', 'dull', 'half-baked', 'minus', 'drained', 'emptied', 'stupid', 'vacant', 'inane', 'dumb', 'uncomprehending', 'unreasoning'}"
rarefy,"{'extenuate', 'diminish', 'needle', 'water', 'cook', 'disperse', 'spike', 'irrigate', 'refine', 'emaciate', 'doctor', 'prune', 'lace', 'reduce', 'attenuate', 'cut', 'delete', 'weed out', 'decrease', 'cut back', 'shave', 'water down', 'trim', 'edit', 'expand', 'weaken'}"
cadge,"{'hawk', 'panhandle', 'scrounge', 'bum', 'sponge', 'mooch', 'peddle', 'huckster'}"
fledgling,"{'nestling', 'novice', 'colt', 'tyro', 'trainee', 'neophyte', 'tenderfoot', 'greenhorn', 'newcomer', 'chick', 'apprentice', 'rookie', 'learner'}"
efficacy,"{'capableness', 'ability', 'potency', 'success', 'strength', 'effectiveness', 'capacity', 'performance', 'virtue', 'competence', 'weight', 'vigor', 'efficaciousness', 'capability', 'adequacy', 'energy', 'use', 'effect', 'sufficiency', 'influence', 'force', 'power'}"
castigate,"{'criticize', 'punish', 'chasten', 'penalize', 'censure', 'cane', 'scorch', 'beat', 'rail', 'whip', 'dress down', 'upbraid', 'flay', 'pummel', 'tongue-lash', ""jump down one's throat"", 'discipline', 'come down on', 'correct', 'scold', 'rate', 'lambaste', 'excoriate', 'berate', 'reprimand', 'chastise', 'drub', 'lash', 'ream', 'thrash', 'lean on', 'scourge', 'rebuke', 'flog', 'baste', 'chew out', 'bawl out', 'read the riot act', 'lay out', 'blister', 'drag over the coals', 'scarify', 'scathe'}"
iconoclast,"{'dissenter', 'cynic', 'dissident', 'sceptic', 'image-breaker', 'nonbeliever', 'revolutionist', 'denouncer', 'questioner', 'heretic', 'rebel', 'critic', 'ruiner', 'unbeliever', 'radical', 'non-conformist'}"
anachronism,"{'metachronism', 'misplacement', 'prolepsis', 'solecism', 'misdate', 'chronological error', 'postdate'}"
infer,"{'believe', 'figure', 'gather', 'collect', 'reason', 'presume', 'speculate', 'guess', 'surmise', 'reach conclusion', 'draw inference', 'suppose', 'ascertain', 'draw', 'figure out', 'judge', 'think', 'read between lines', 'construe', 'intuit', 'deduce', 'understand', 'presuppose', 'conjecture', 'assume', 'induce', 'glean', 'derive', 'reckon', 'arrive at', 'interpret', 'read into'}"
dearth,"{'uncommonness', 'defect', 'famine', 'scantiness', 'meagerness', 'default', 'privation', 'lack', 'deficiency', 'inadequacy', 'want', 'poverty', 'paucity', 'exiguousness', 'scantness', 'infrequency', 'need', 'slim pickings', 'sparsity', 'miss', 'shortage', 'rareness', 'absence'}"
inchoate,"{'amorphous', 'unfinished', 'unformed', 'imperfect', 'shapeless', 'just begun', 'rudimentary', 'unshaped', 'elementary', 'nascent', 'immature', 'embryonic', 'inceptive', 'incipient', 'preliminary', 'formless'}"
sedulous,"{'diligent', 'persevering', 'active', 'hard-working', 'plugging', 'industrious', 'tireless', 'busy', 'laborious', 'determined'}"
homogenous,"{'identical', 'uniform', 'kindred', 'consistent', 'alike', 'unvarying', 'analogous', 'cognate', 'like', 'akin', 'homologous'}"
ossified,"{'fossilized', 'rigid', 'hard', 'hardened', 'petrified'}"
perfidious,"{'deceptive', 'unfaithful', 'slick', 'untrustworthy', 'false', 'unloyal', 'faithless', 'insidious', 'unreliable', 'misleading', 'betraying', 'traitorous', 'recreant', 'shifty', 'undependable', 'snake in the grass', 'two-faced', 'deceitful', 'two-timing', 'double-crossing', 'double-dealing'}"
precursor,"{'messenger', 'vanguard', 'forerunner', 'herald', 'usher', 'outrider', 'harbinger'}"
engender,"{'spawn', 'bring forth', 'procreate', 'bring about', 'stir', 'produce', 'generate', 'hatch', 'precipitate', 'propagate', 'foment', 'quicken', 'give birth to', 'lead to', 'instigate', 'provoke', 'excite', 'muster', 'rouse', 'give rise to', 'make', 'work up', 'induce', 'arouse', 'occasion', 'beget', 'create', 'breed', 'develop', 'stimulate', 'incite'}"
zeal,"{'inclination', 'zest', 'mania', 'eagerness', 'devotion', 'push', 'dispatch', 'passion', 'fervor', 'warmth', 'drive', 'determination', 'fire', 'yen', 'enterprise', 'stick-to-itiveness', 'perseverance', 'verve', 'hustle', 'alacrity', 'ardor', 'gusto', 'earnestness', 'readiness', 'keenness', 'spirit', 'fierceness', 'diligence', 'bustle', 'sincerity', 'urgency', 'initiative', 'fanaticism', 'vehemence', 'intentness', 'intensity', 'what-it-takes'}"
precipitate,"{'launch', 'cast', 'send forth', 'expedite', 'trigger', 'speed up', 'throw', 'further', 'dispatch', 'hurl', 'push forward', 'press', 'let fly', 'discharge', 'bring on', 'quicken', 'accelerate', 'hasten', 'fling', 'advance'}"
ambiguous,"{'tenebrous', 'uncertain', 'unintelligible', 'indeterminate', 'cryptic', 'opaque', 'enigmatic', 'questionable', 'equivocal', 'puzzling', 'dubious', 'inexplicit', 'indefinite', 'inconclusive', 'enigmatical', 'multivocal', 'polysemous', 'muddy', 'clear as dishwater', 'doubtful', 'unclear', 'vague', 'obscure'}"
emulate,"{'contend with', 'compete with', 'outvie', 'ditto', 'take after', 'follow in footsteps', 'rivalize', 'follow', 'challenge', 'compete', 'mimic', 'pattern after', 'go like', 'contend', 'do', 'imitate', 'vie with', 'make like', 'do like', 'rival', 'follow suit', 'mirror', 'follow the example of'}"
exculpate,"{'condone', 'amnesty', 'free', 'rationalize', 'wipe slate clean', 'absolve', 'pardon', 'disculpate', 'remit', 'vindicate', 'justify', 'explain', 'exonerate', 'acquit', 'clear', 'release', 'discharge', 'let off', 'excuse', 'dismiss'}"
insensible,"{'cold', 'unsusceptible', 'unconscious', 'unmindful', 'insensate', 'inanimate', 'obdurate', 'torpid', 'unaware', 'unintelligible', 'inappreciable', 'gradual', 'oblivious', 'imperceivable', 'unimpressible', 'numb', 'imperceptible', 'unfeeling'}"
fathom,"{'sound', 'get', 'cognize', 'pierce', 'know', 'get to the bottom', 'follow', 'pinpoint', 'perceive', 'savvy', 'gauge', 'appreciate', 'probe', 'catch', 'unravel', 'measure', 'figure out', 'have', 'apprehend', 'plumb', 'penetrate', 'estimate', 'comprehend', 'dig', 'recognize', 'grasp', 'divine', 'interpret'}"
nefarious,"{'glaring', 'foul', 'miscreant', 'abominable', 'wicked', 'horrible', 'vile', 'flagrant', 'opprobrious', 'iniquitous', 'execrable', 'perverse', 'corrupt', 'degenerate', 'detestable', 'infernal', 'vicious', 'monstrous', 'rank', 'depraved', 'rotten', 'dreadful', 'villainous', 'odious', 'putrid', 'flagitious', 'infamous', 'base', 'outrageous', 'criminal', 'atrocious', 'gross', 'heinous', 'shameful', 'evil', 'treacherous'}"
abscond,"{'escape', 'jump', 'skip out', 'go AWOL', 'get', 'run off', 'fade', 'bolt', 'disappear', 'fly the coop', 'split', 'go south', 'make a break', 'leave', 'steal away', 'break', 'slip', 'cut and run', 'pull out', 'make off', 'decamp', 'dog it', 'sneak away', 'hightail', 'vamoose', 'make scarce', 'beat it', 'duck out', 'vanish', 'skedaddle', 'clear out', 'scram', 'flee', 'take off', 'quit'}"
impecunious,"{'destitute', 'homeless', 'insolvent', 'needy', 'beggared', 'broke', 'cleaned out', 'penniless', 'dirt poor', 'strapped', 'impoverished', 'unprosperous', 'indigent', 'necessitous', 'poor', 'penurious'}"
enervate,"{'weary', 'paralyze', 'fatigue', 'exhaust', 'disable', 'debilitate', 'sap', 'enfeeble', 'vitiate', 'jade', 'weaken', 'incapacitate', 'devitalize', 'unnerve'}"
complaisant,"{'amiable', 'indulgent', 'submissive', 'easy-going', 'lenient', 'obliging', 'deferential', 'generous', 'conciliatory', 'mild', 'accommodating', 'solicitous', 'good-tempered', 'easy', 'polite', 'compliant', 'friendly', 'good-humored', 'good-natured'}"
insular,"{'separate', 'bigoted', 'inward-looking', 'contracted', 'restricted', 'cut off', 'prejudiced', 'sequestered', 'provincial', 'separated', 'petty', 'narrow', 'circumscribed', 'closed', 'illiberal', 'confined', 'limited', 'isolated', 'secluded', 'detached', 'parochial'}"
exorbitant,"{'up to here', 'high', 'immoderate', 'extreme', 'pricey', 'unwarranted', 'absonant', 'inordinate', 'wasteful', 'unreasonable', 'enormous', 'expensive', 'undue', 'steep', 'towering', 'exacting', 'overboard', 'stiff', ""over one's head"", 'highway robbery', 'extortionate', 'outrageous', 'unconscionable', 'out of sight', 'preposterous', 'overmuch', 'dear'}"
extant,"{'living', 'current', 'contemporary', 'existing', 'present-day', 'remaining', 'surviving', 'not lost', 'instant', 'present', 'real', 'actual', 'around', 'immediate', 'undestroyed', 'being', 'subsisting', 'alive', 'existent', 'in current use'}"
eclectic,"{'mixed', 'assorted', 'multiform', 'universal', 'liberal', 'diversified', 'broad', 'dilettantish', 'mingled', 'heterogeneous', 'all-embracing', 'inclusive', 'wide-ranging', 'multifarious', 'varied', 'diverse', 'many-sided', 'selective', 'catholic'}"
esoteric,"{'arcane', 'cryptic', 'sibylline', 'hidden', 'private', 'orphic', 'inner', 'hermetic', 'abstruse', 'cabalistic', 'profound', 'heavy', 'recondite', 'Delphic', 'inscrutable', 'acroamatic', 'mystical', 'secret', 'mystic', 'deep', 'occult'}"
buttress,"{'abutment', 'stay', 'shore', 'column', 'mainstay', 'pier', 'prop', 'strut', 'reinforcement', 'stanchion', 'underpinning'}"
exacerbate,"{'intensify', 'rub salt in a wound', 'feed the fire', 'enrage', 'heighten', 'go from bad to worse', ""push one's button"", 'increase', 'egg on', 'heat up', 'worsen', 'fan the flames', 'aggravate', 'madden', 'provoke', 'embitter', 'excite', 'vex', 'exasperate', 'irritate', 'envenom', 'inflame', 'hit on', 'annoy', 'add insult to injury', ""rattle one's cage""}"
advocate,"{'attorney', 'pleader', 'apostle', 'campaigner', 'backer', 'exponent', 'expounder', 'counsel', 'spokesperson', 'proponent', 'upholder', 'speaker', 'supporter', 'lawyer', 'proposer', 'champion', 'defender', 'promoter'}"
innocuous,"{'jejune', 'weak', 'unobjectionable', 'innoxious', 'kind', 'innocent', 'bland', 'inoffensive', 'insipid', 'inobnoxious', 'sapless', 'unoffending', 'safe', 'painless', 'flat', 'banal'}"
volatile,"{'capricious', 'temperamental', 'ephemeral', 'airy', 'subtle', 'expansive', 'fickle', 'fugitive', 'flippant', 'light', 'fugacious', 'gay', 'whimsical', 'erratic', 'variable', 'buoyant', 'vaporous', 'resilient', 'giddy', 'elastic', 'short-lived', 'inconstant', 'mercurial', 'momentary', 'flighty', 'gaseous', 'unstable', 'transitory', 'transient', 'elusive', 'playful', 'impermanent', 'lubricious', 'ticklish', 'effervescent', 'lively', 'frivolous', 'fleeting', 'unsettled', 'sprightly', 'inconsistent', 'unsteady', 'up-and-down', 'imponderable'}"
petulant,"{'grumbling', 'grouchy', 'ill-humored', 'fractious', 'caviling', 'crybaby', 'irritable', 'perverse', 'pouting', 'sour', 'cross', 'querulous', 'sullen', 'ungracious', 'displeased', 'snappish', 'impatient', 'whining', 'sulky', 'captious', 'fretful', 'mean', 'cranky', 'fault-finding', 'peevish', 'whiny', 'uptight', 'complaining', 'bad-tempered', 'huffy', 'touchy', 'testy', 'waspish'}"
assuage,"{'compose', 'tranquilize', 'still', 'palliate', 'temper', 'conciliate', 'surfeit', 'cool', 'pacify', 'mitigate', 'ease', 'moderate', 'fill', 'mollify', 'placate', 'calm', 'take the edge off', 'take the sting out', 'quench', 'make nice', 'lull', 'satisfy', 'sweeten', 'quiet', 'propitiate', 'soften', 'lighten', 'sate', 'allay', 'appease', 'alleviate', 'pour oil on', 'lessen'}"
blandishment,"{'allurement', 'fawning', 'blandishments', 'wheedling', 'enticement', 'praise', 'sweet talk', 'coaxing', 'adulation', 'sweet words', 'blarney', 'honeyed words', 'cajolery', 'sycophancy'}"
taciturn,"{'close-mouthed', 'distant', 'unexpressive', 'cold', 'reticent', 'unforthcoming', 'mum', 'antisocial', 'reserved', 'silent', 'sententious', 'dour', 'brooding', 'close', 'dried-up', 'quiet', 'withdrawn', 'tight-lipped', 'speechless', 'sparing', 'curt', 'mute', 'clammed up', 'aloof', 'dumb', 'laconic'}"
corporeal,"{'mortal', 'human', 'phenomenal', 'fleshy', 'carnal', 'material', 'substantial', 'somatic', 'tangible', 'objective', 'anatomical', 'fleshly', 'corporal', 'sensible'}"
peccadillo,"{'bad habit', 'slight transgression', 'vice', 'minor fault', 'minor sin', 'impropriety', 'petty offense', 'small infraction', 'faux pas', 'indiscretion', 'misdemeanor', 'small sin', 'venial sin', 'minor infraction'}"
insipid,"{'blah', 'tired', 'weak', 'soft', 'stale', 'nothing', 'nebbish', 'prosy', 'ordinary', 'beige', 'commonplace', 'unimaginative', 'inane', 'colorless', 'watery', 'flat', 'weariful', 'ho-hum', 'tame', 'characterless', 'innocuous', 'drab', 'wearisome', 'dead', 'bland', 'plain', 'tedious', 'driveling', 'stupid', 'limp', 'pointless', 'trite', 'dry', 'jejune', 'thin', 'vapid', 'wishy-washy', 'mundane', 'slight', 'spiritless', 'lifeless', 'mild', 'arid', 'feeble', 'subdued', 'prosaic', 'tenuous', 'anemic', 'banal'}"
tacit,"{'assumed', 'implied', 'suggested', 'understood', 'unsaid', 'inferred', 'unstated', 'silent', 'undeclared', 'inarticulate', 'indirect', 'unexpressed', 'implicit', 'unspoken', 'allusive', 'unvoiced', 'alluded to', 'intimated', 'wordless', 'hinted at'}"
implication,"{'union', 'overtone', 'reference', 'guess', 'conclusion', 'incrimination', 'hint', 'inference', 'entanglement', 'ramification', 'link', 'undertone', 'hypothesis', 'intimation', 'signification', 'significance', 'connection', 'innuendo', 'presumption', 'connotation', 'involvement', 'assumption', 'indication', 'meaning'}"
panegyric,"{'acclamatory', 'praising', 'complimentary'}"
audacious,"{'cheeky', 'brave', 'ungoverned', 'valiant', 'fearless', 'unafraid', 'aweless', 'intrepid', 'uncurbed', 'brassy', 'dauntless', 'foolhardy', 'risky', 'bold', 'resolute', 'undaunted', 'gutty', 'adventurous', 'venturesome', 'rash', 'smart ass', 'courageous', 'daredevil', 'nervy', 'enterprising'}"
specious,"{'deceptive', 'sophistical', 'incorrect', 'presumable', 'wrong', 'spurious', 'colorable', 'false', 'ostensible', 'probable', 'apparently right', 'plausible', 'vain', 'sophistic', 'illogical', 'seeming', 'nugatory', 'fallacious', 'hollow', 'apparent', 'beguiling', 'credible', 'flattering', 'unsound', 'casuistic', 'pretentious', 'captious', 'empty', 'untrue', 'inaccurate', 'idle', 'likely', 'delusive', 'erroneous', 'presumptive', 'sophisticated', 'ostentatious'}"
ambrosial,"{'heavenly', 'luscious', 'fragrant', 'delicate'}"
Pulchritudinous,"{'sublime', 'excellent', 'exquisite', 'pretty', 'beauteous', 'radiant', 'easy on the eyes', 'resplendent', 'handsome', 'fascinating', 'delicate', 'taking', 'well-formed', 'superb', 'refined', 'admirable', 'charming', 'lovely', 'wonderful', 'stunning', 'graceful', 'splendid', 'symmetrical', 'appealing', 'classy', 'delightful', 'cute', 'fine', 'enticing', 'bewitching', 'marvelous', 'grand', 'angelic', 'ravishing', 'attractive', 'elegant', 'nice', 'alluring', 'magnificent', 'sightly', 'statuesque', 'ideal', 'dazzling', 'comely', 'shapely', 'divine', 'gorgeous', 'fair', 'good-looking', 'foxy', 'pleasing'}"
vex,"{'harry', 'upset', 'offend', 'agitate', 'abrade', 'give a bad time', 'pester', 'pique', 'give a hard time', 'afflict', 'needle', 'eat', 'hassle', 'depress', 'tick off', 'displease', 'fret', 'molest', 'infuriate', 'plague', 'trouble', 'grate on', 'rile', 'gall', 'anger', 'embarrass', 'nettle', 'aggravate', 'provoke', ""get in one's hair"", 'tease', 'irk', 'worry', 'turn off', 'disquiet', 'exasperate', 'irritate', 'peeve', 'torment', 'ride', 'put out', 'annoy', 'be at', 'perplex', 'chafe', 'rasp', ""get under one's skin"", 'disturb', 'harass'}"
temperate,"{'balmy', 'unextreme', 'unexcessive', 'soft', 'conservative', 'pleasant', 'cool', 'sensible', 'unimpassioned', 'even', 'constant', 'discreet', 'regulated', 'steady', 'self-controlled', 'medium', 'even-tempered', 'levelheaded', 'gentle', 'collected', 'warm', 'restrained', 'equable', 'dispassionate', 'clement', 'reasonable', 'modest', 'composed', 'mild', 'checked', 'curbed', 'self-restrained', 'fair', 'agreeable', 'sober', 'stable'}"
tortuous,"{'circuitous', 'meandering', 'mazy', 'flexuous', 'twisting', 'vermiculate', 'crooked', 'zigzag', 'meandrous', 'anfractuous', 'labyrinthine', 'winding', 'bent', 'involute', 'sinuous', 'convoluted', 'snaky', 'indirect', 'roundabout', 'curved', 'serpentine'}"
reproof,"{'disapprobation', 'blame', 'criticism', 'disapproval', 'objection'}"
equivocal,"{'tenebrous', 'clouded', 'unintelligible', 'indeterminate', 'muzzy', 'suspicious', 'fishy', 'hazy', 'questionable', 'ambiguous', 'amphibological', 'unexplicit', 'puzzling', 'problematic', 'borderline', 'undecided', 'dubious', 'misleading', 'indefinite', 'indistinct', 'muddled', 'ambivalent', 'fuzzy', 'open', 'unclear', 'evasive', 'disreputable', 'oblique', 'with mixed feelings', 'suspect', 'vague', 'clear as mud', 'obscure'}"
incorrigible,"{'unreformed', 'wicked', 'abandoned', 'incurable', 'irredeemable', 'hardened', 'intractable', 'beastly', 'irreparable', 'loser', 'recidivous', 'uncorrectable', 'useless', 'inveterate'}"
depredation,"{'spoliation', 'theft', 'crime', 'robbery', 'laying waste', 'marauding', 'rapine', 'despoiling', 'pillage', 'plunder', 'wasting', 'ravaging', 'stealing', 'sacking', 'burglary', 'ransacking', 'desecration', 'desolation'}"
prodigal,"{'extravagant', 'spendthrift', 'squandering', 'immoderate', 'reckless', 'improvident', 'dissipated', 'profligate', 'lavish', 'intemperate', 'wanton', 'excessive'}"
barefaced,"{'glaring', 'impudent', 'flagrant', 'obvious', 'audacious', 'unconcealed', 'palpable', 'candid', 'manifest', 'unabashed', 'blatant', 'naked', 'apparent', 'frank', 'temerarious', 'brassy', 'brazen', 'arrant', 'immodest', 'bold', 'insolent', 'brash', 'clear', 'blunt', 'transparent'}"
sagacious,"{'clever', 'perspicacious', 'far-sighted', 'witty', 'discerning', 'acute', 'smooth', 'keen', 'gnostic', 'cool', 'sensible', 'shrewd', 'hip', 'rational', 'knowing', 'knowledgeable', 'discriminating', 'sapient', 'savvy', 'heady', 'canny', 'insightful', 'astute', 'clear-sighted', 'sage', 'sharp', 'intelligent', 'sophic', 'prudent', 'astucious', 'perceptive', 'apt', 'wise', 'cagey', 'foxy'}"
diatribe,"{'tirade', 'stricture', 'castigation', 'philippic', 'reviling', 'vituperation', 'onslaught', 'abuse', 'invective', 'screed', 'jeremiad', 'denunciation', 'objection', 'disputation'}"
voracious,"{'gluttonous', 'starved to death', 'gorging', 'edacious', 'uncontrolled', 'ravenous', 'omnivorous', 'devouring', 'piggy', 'starving', 'dog-hungry', 'empty', 'unquenchable', 'starved', 'covetous', 'rapacious', 'sating', 'avid', 'insatiable', 'prodigious', 'gross', 'grasping', 'ravening'}"
encomium,"{'laudation', 'commendation', 'tribute', 'accolade', 'praise', 'eulogy', 'panegyric', 'salutation'}"
inhibit,"{'cramp', 'withhold', 'ward', 'outlaw', 'taboo', 'arrest', 'frustrate', 'faze', 'stymie', 'interdict', 'hold in', 'put on brakes', 'curb', 'hang up', 'suppress', 'bar', 'hog-tie', 'avert', 'constrain', 'forbid', 'hinder', 'restrain', 'bridle', 'keep in', 'enjoin', 'hold back', 'obstruct', 'discourage', 'sandbag', 'stop', 'bit', 'repress', 'impede', 'check', 'prohibit', 'hold down'}"
leviathan,"{'goliath', 'giant', 'Samson', 'titan', 'behemoth', 'Godzilla', 'Gargantua', 'Hercules', 'cyclops', 'mammoth'}"
obdurate,"{'dogged', 'tough', 'unshakable', 'unrelenting', 'callous', 'hanging tough', 'uncompromising', 'bullhead', 'uncooperative', 'set in stone', 'mulish', 'perverse', 'hard-boiled', 'firm', 'relentless', 'unyielding', 'inexorable', 'harsh', 'hard-hearted', 'indurate', 'stiff-necked', 'rigid', 'unimpressible', 'immovable', 'tough nut to crack', 'unbending', 'mean', 'unfeeling', 'uncompassionate', 'hard-nosed', 'inflexible', 'cold fish', 'heartless', 'adamant', 'hard', 'iron', 'thick-skinned', 'unemotional', 'obstinate', 'implacable', 'fixed', 'unsympathetic'}"
ingenious,"{'innovatory', 'bright', 'resourceful', 'skillful', 'subtle', 'deviceful', 'dexterous', 'ready', 'shrewd', 'innovational', 'gifted', 'crafty', 'innovative', 'sly', 'inventive', 'artistic', 'able', 'creative', 'canny', 'adroit', 'original', 'imaginative', 'intelligent', 'cunning'}"
ponderous,"{'graceless', 'dull', 'elephantine', 'bulky', 'unhandy', 'burdensome', 'substantial', 'onerous', 'cumbrous', 'huge', 'weighty', 'oppressive', 'troublesome', 'lifeless', 'laborious', 'awkward', 'clumsy', 'unwieldy', 'massive', 'hefty', 'lumbering'}"
prevaricate,"{'tergiversate', 'dodge', 'misrepresent', 'fabricate', 'distort', 'misspeak', 'lie', 'jive', 'beat around the bush', 'exaggerate', 'evade', 'equivocate', 'quibble', 'beg the question', 'phony up', 'garble', 'put on', 'hedge', 'invent', 'cavil', 'con', 'fib', 'belie', 'shuffle', 'shift', 'falsify', 'palter'}"
anomalous,"{'unrepresentative', 'peculiar', 'rare', 'divergent', 'preternatural', 'eccentric', 'strange', 'aberrant', 'heteroclite', 'untypical', 'odd', 'unusual', 'bizarre', 'exceptional', 'foreign', 'irregular', 'abnormal', 'prodigious', 'incongruous', 'inconsistent', 'unorthodox', 'atypical', 'unnatural'}"
breach,"{'crack', 'discontinuity', 'chasm', 'break', 'opening', 'fissure', 'rupture', 'hole', 'aperture', 'rift', 'split', 'chip', 'cleft', 'slit', 'rent'}"
conflagration,"{'rapid oxidation', 'inferno', 'blaze', 'up in smoke', 'wildfire', 'bonfire', 'holocaust', 'burning', 'flaming'}"
diffident,"{'unassertive', 'sheepish', 'unsure', 'retiring', 'unobtrusive', 'shy', 'reluctant', 'coy', 'suspicious', 'bashful', 'self-effacing', 'unassuming', 'distrustful', 'backward', 'blenching', 'dubious', 'insecure', 'meek', 'reserved', 'unassured', 'chary', 'demure', 'timorous', 'humble', 'flinching', 'rabbity', 'withdrawn', 'doubtful', 'unpoised', 'self-conscious', 'modest', 'constrained', 'mousy', 'shrinking', 'timid'}"
lugubrious,"{'sorrowful', 'gloomy', 'mournful', 'pensive', 'sad'}"
attenuate,"{'shrink', 'extenuate', 'mitigate', 'abate', 'undermine', 'thin', 'contract', 'disable', 'debilitate', 'sap', 'enfeeble', 'vitiate', 'deflate', 'dissipate', 'lessen', 'cripple', 'constrict'}"
loquacious,"{'long-winded', 'loose-lipped', 'chatty', 'motormouth', 'prolix', 'voluble', 'yacking', 'jabbering', 'multiloquent', 'wordy', 'chattering', 'fluent', 'garrulous', 'verbose', 'gabby', 'babbling', 'gossipy'}"
effluent,"{'escape', 'flow', 'emerging', 'welling', 'derivation', 'emission', 'beginning', 'issuance', 'gush', 'origination', 'exhalation', 'flowing', 'issuing', 'outpour', 'oozing', 'springing', 'ejaculation', 'efflux', 'exudation', 'leakage', 'effusion', 'outflow', 'origin', 'drainage', 'proceeding', 'radiation', 'arising', 'effluence'}"
dispassionate,"{'tough', 'just', 'cool cat', ""couldn't care less"", 'poker-faced', 'abstract', 'indifferent', 'cool', 'nondiscriminatory', 'candid', 'temperate', 'unexcitable', 'impersonal', 'moderate', 'unruffled', 'uninvolved', 'disinterested', 'neutral', 'unmoved', 'nonpartisan', 'unexcited', 'calm', 'laid back', 'unprejudiced', 'unbiased', 'collected', 'objective', 'cold-fish', 'quiet', 'iceberg', 'judicial', 'cold-blooded', 'composed', 'detached', 'unemotional', 'serene', 'fair', 'sober', 'aloof', 'imperturbable', 'unflappable'}"
laconic,"{'concise', 'curt', 'brief', 'crisp', 'brusque', 'sententious', 'short and sweet', 'succinct', 'compendiary', 'terse', 'compact', 'breviloquent', 'pithy', 'compendious'}"
depict,"{'report', 'portray', 'represent', 'characterize', 'relate', 'design', 'sculpt', 'limn', 'picture', 'narrate', 'sketch', 'reproduce', 'illustrate', 'outline', 'image', 'state', 'interpret', 'detail', 'paint', 'delineate'}"
arbitrate,"{'interpose', 'negotiate', 'referee', 'adjudicate', 'parley', 'smooth', 'strike happy medium', 'trade off', 'work out a deal', 'conciliate', 'step in', 'hammer out a deal', 'play ball', 'come to terms', 'straighten out', 'make a deal', 'settle', 'umpire', 'bring to terms', 'meet halfway', 'placate', 'reconcile', 'determine', 'adjust', 'come to school', 'soothe', 'pass judgment', 'judge', 'adjudge', 'mediate', 'intervene', 'decide'}"
